<?xml version="1.0"?>
<skin version="1.1" name="bluemetal" author="Chris Sharp / LongTail Video">

	<settings>
		<setting name="frontcolor" value="0xcccccc" />
	</settings>

	<components>
		<component name="controlbar">
			<settings>
				<setting name="margin" value="0" />
				<setting name="fontsize" value="12" />
				<setting name="fontcolor" value="0xcccccc" />
			</settings>

			<layout>
				<group position="left">
					<button name="play" />
					<divider />
					<text name="elapsed" />
				</group>
				<group position="center">
					<slider name="time" />
				</group>
				<group position="right">
					<text name="duration" />
					<divider />
					<button name="blank" />
					<divider />
					<slider name="volume" />
					<divider />
					<button name="fullscreen" />
				</group>
			</layout>

			<elements>
				<element name="background" src="background.png" />
				<element name="divider" src="divider.png" />
				<element name="capLeft" src="cap.png" />
				<element name="capRight" src="cap.png" />
								
				<element name="blankButton" src="blankButton.png" />
				
				<element name="playButton" src="playButton.png" />
				<element name="playButtonOver" src="playButtonOver.png" />
				
				<element name="pauseButton" src="pauseButton.png" />
				<element name="pauseButtonOver" src="pauseButtonOver.png" />
				
				<element name="timeSliderRail" src="timeSliderRail.png" />
				<element name="timeSliderBuffer" src="timeSliderBuffer.png" />
				<element name="timeSliderProgress" src="timeSliderProgress.png" />
				<element name="timeSliderThumb" src="timeSliderThumb.png" />
				
				<element name="fullscreenButton" src="fullscreenButton.png" />
				<element name="fullscreenButtonOver" src="fullscreenButtonOver.png" />
				
				<element name="normalscreenButton" src="normalscreenButton.png" />
				<element name="normalscreenButtonOver" src="normalscreenButtonOver.png" />
				
				<element name="volumeSliderRail" src="volumeSliderRail.png" />
				<element name="volumeSliderBuffer" src="volumeSliderBuffer.png" />
				<element name="volumeSliderProgress" src="volumeSliderProgress.png" />
			</elements>
		</component>
		
		<component name="display">
			<settings>
				<setting name="bufferrotation" value="0" />
				<setting name="backgroundcolor" value="0x666666" />
			</settings>
			<elements>
				<element name="background" src="background.png" />
				<element name="playIcon" src="playIcon.png" />
				<element name="muteIcon" src="muteIcon.png" />
				<element name="bufferIcon" src="bufferIcon.png" />
				<element name="errorIcon" src="bufferIcon.png" />
			</elements>
		</component>
		
		<component name="dock">
			<elements>
				<element name="button" src="button.png" />
				<element name="buttonOver" src="button.png" />
			</elements>
		</component>
		
		<component name="playlist">
			<settings>
				<setting name="backgroundcolor" value="0x666666" />
				<setting name="fontcolor" value="0xcccccc" />
				<setting name="fontsize" value="13" />
				<setting name="overcolor" value="0x0099ff" />
				<setting name="activecolor" value="0xffffff" />
			</settings>
			<elements>
				<element name="item" src="item.png" />
				<element name="itemImage" src="itemImage.png" />
				<element name="sliderRail" src="sliderRail.png" />
				<element name="sliderThumb" src="sliderThumb.png" />
				<element name="sliderCapBottom" src="sliderCap.png" />
				<element name="sliderCapTop" src="sliderCap.png" />
			</elements>
		</component>

	</components>

</skin>